{"stats":{"minecraft:crafted":{"minecraft:oak_wood":3},"minecraft:used":{"minecraft:moss_block":462,"minecraft:nether_brick_fence":60,"minecraft:polished_blackstone_brick_slab":45,"minecraft:writable_book":2,"minecraft:flint_and_steel":24,"minecraft:cracked_deepslate_bricks":9,"minecraft:smooth_quartz_slab":232,"minecraft:dispenser":3,"minecraft:redstone":279,"minecraft:poppy":5,"minecraft:ladder":25,"minecraft:white_terracotta":90,"minecraft:chest":12,"minecraft:donkey_spawn_egg":1,"minecraft:tinted_glass":173,"minecraft:ender_chest":2,"minecraft:stone":180,"minecraft:warped_sign":24,"minecraft:quartz_stairs":11,"minecraft:grass":3,"minecraft:netherrack":18,"minecraft:cut_copper_stairs":22,"minecraft:orange_bed":10,"minecraft:torch":43,"minecraft:mutton":1,"minecraft:anvil":3,"minecraft:red_nether_brick_slab":133,"minecraft:white_carpet":136,"minecraft:deepslate_tile_slab":22,"minecraft:oak_wood":30,"minecraft:golden_shovel":223,"minecraft:spruce_fence":71,"minecraft:obsidian":361,"minecraft:birch_door":14,"minecraft:shroomlight":6,"minecraft:polished_blackstone_slab":339,"minecraft:glass":32,"minecraft:dark_oak_planks":93,"minecraft:bricks":117,"minecraft:quartz_pillar":57,"minecraft:lantern":12,"minecraft:grass_block":867,"minecraft:red_candle":8,"minecraft:light_blue_bed":10,"minecraft:smooth_quartz":599,"minecraft:raw_gold_block":133,"minecraft:crimson_planks":220,"minecraft:barrel":32,"minecraft:item_frame":2,"minecraft:repeater":32,"minecraft:birch_trapdoor":5,"minecraft:glowstone":34,"minecraft:red_carpet":224,"minecraft:redstone_lamp":82,"minecraft:honeycomb_block":235,"minecraft:brown_carpet":41,"minecraft:tall_grass":2,"minecraft:iron_trapdoor":6,"minecraft:furnace":2,"minecraft:oxidized_cut_copper_stairs":6,"minecraft:acacia_planks":91,"minecraft:red_dye":18,"minecraft:golden_axe":9,"minecraft:polished_blackstone_stairs":141,"minecraft:horn_coral_fan":6,"minecraft:quartz_bricks":82,"minecraft:chiseled_polished_blackstone":38,"minecraft:yellow_banner":4,"minecraft:water_bucket":129,"minecraft:end_stone_bricks":125,"minecraft:birch_planks":360,"minecraft:birch_leaves":417,"minecraft:red_nether_bricks":247,"minecraft:polished_diorite_slab":104,"minecraft:copper_block":4,"minecraft:cauldron":10,"minecraft:spruce_sign":2,"minecraft:white_dye":23,"minecraft:horse_spawn_egg":2,"minecraft:deepslate_bricks":321,"minecraft:oak_leaves":25,"minecraft:waxed_copper_block":17,"minecraft:smooth_quartz_stairs":69,"minecraft:glow_item_frame":10,"minecraft:mossy_cobblestone":5,"minecraft:comparator":1,"minecraft:cyan_glazed_terracotta":139,"minecraft:crafting_table":1,"minecraft:magenta_bed":11,"minecraft:birch_sign":6,"minecraft:yellow_concrete":241,"minecraft:campfire":142,"minecraft:white_bed":10,"minecraft:sponge":48,"minecraft:note_block":26,"minecraft:painting":20,"minecraft:cake":81,"minecraft:smoker":7,"minecraft:crimson_fence_gate":1,"minecraft:lightning_rod":17,"minecraft:redstone_torch":1,"minecraft:oak_log":487,"minecraft:netherite_block":15,"minecraft:lever":28,"minecraft:yellow_dye":12,"minecraft:acacia_stairs":55,"minecraft:black_concrete":156,"minecraft:crying_obsidian":138,"minecraft:acacia_sign":25,"minecraft:command_block":22,"minecraft:birch_slab":270,"minecraft:barrier":15,"minecraft:brown_wool":41,"minecraft:string":34,"minecraft:stone_button":3,"minecraft:netherite_axe":6,"minecraft:white_glazed_terracotta":228,"minecraft:spruce_trapdoor":31,"minecraft:iron_door":4,"minecraft:flowering_azalea_leaves":24,"minecraft:crimson_nylium":33,"minecraft:crimson_sign":25,"minecraft:cobblestone":7,"minecraft:white_banner":46,"minecraft:warped_fence_gate":1,"minecraft:jungle_door":22,"minecraft:chain_command_block":17,"minecraft:chain":13,"minecraft:glass_pane":88,"minecraft:repeating_command_block":19,"minecraft:polished_blackstone_button":3,"minecraft:waxed_cut_copper_stairs":7,"minecraft:warped_button":1,"minecraft:bone_meal":110,"minecraft:soul_torch":46},"minecraft:dropped":{"minecraft:repeating_command_block":3,"minecraft:apple":1,"minecraft:command_block":2,"minecraft:repeater":64,"minecraft:obsidian":2,"minecraft:name_tag":61,"minecraft:potato":3,"minecraft:chest":1},"minecraft:picked_up":{"minecraft:chicken":2,"minecraft:lead":1,"minecraft:acacia_door":1,"minecraft:beef":4,"minecraft:poppy":1,"minecraft:chest":1,"minecraft:jungle_door":1,"minecraft:torch":4,"minecraft:stone_button":2,"minecraft:redstone":11,"minecraft:brown_carpet":13,"minecraft:yellow_banner":2,"minecraft:repeating_command_block":3,"minecraft:command_block":2,"minecraft:obsidian":2,"minecraft:mutton":12,"minecraft:white_wool":10,"minecraft:feather":2,"minecraft:repeater":64,"minecraft:leather":4,"minecraft:potato":3,"minecraft:white_banner":6,"minecraft:name_tag":61,"minecraft:apple":1,"minecraft:wheat_seeds":26,"minecraft:dandelion":3,"minecraft:lever":1,"minecraft:painting":1,"minecraft:coal":64},"minecraft:killed":{"minecraft:horse":1,"minecraft:chicken":2,"minecraft:sheep":10,"minecraft:zombie":1,"minecraft:cow":3},"minecraft:custom":{"minecraft:interact_with_anvil":3,"minecraft:mob_kills":17,"minecraft:animals_bred":1,"minecraft:interact_with_crafting_table":1,"minecraft:open_barrel":12,"minecraft:fill_cauldron":5,"minecraft:interact_with_campfire":288,"minecraft:eat_cake_slice":227,"minecraft:leave_game":24,"minecraft:time_since_death":486478,"minecraft:climb_one_cm":7584,"minecraft:sprint_one_cm":664038,"minecraft:walk_one_cm":769308,"minecraft:drop":14,"minecraft:play_time":486478,"minecraft:walk_under_water_one_cm":824,"minecraft:sneak_time":27940,"minecraft:jump":4725,"minecraft:walk_on_water_one_cm":9918,"minecraft:total_world_time":628192,"minecraft:interact_with_furnace":13,"minecraft:tune_noteblock":1,"minecraft:sleep_in_bed":3,"minecraft:time_since_rest":208961,"minecraft:open_enderchest":2,"minecraft:damage_dealt":1920,"minecraft:fly_one_cm":3398571,"minecraft:open_chest":17,"minecraft:crouch_one_cm":53203,"minecraft:interact_with_smoker":5,"minecraft:fall_one_cm":269,"minecraft:inspect_dispenser":3,"minecraft:horse_one_cm":66220}},"DataVersion":2865}